insert into public.companies (id, name, ticker, cik, accent_color)
values
('apple', 'Apple', 'AAPL', '0000320193', '#111827'),
('microsoft', 'Microsoft', 'MSFT', '0000789019', '#2563eb'),
('alphabet', 'Alphabet', 'GOOGL', '0001652044', '#4285f4'),
('amazon', 'Amazon', 'AMZN', '0001018724', '#ff9900'),
('meta', 'Meta', 'META', '0001326801', '#2563eb'),
('nvidia', 'Nvidia', 'NVDA', '0001045810', '#76b900'),
('tesla', 'Tesla', 'TSLA', '0001318605', '#ef4444'),
('netflix', 'Netflix', 'NFLX', '0001065280', '#e50914'),
('adobe', 'Adobe', 'ADBE', '0000796343', '#ef4444'),
('salesforce', 'Salesforce', 'CRM', '0001108524', '#0ea5e9')
on conflict (id) do update set
  name = excluded.name,
  ticker = excluded.ticker,
  cik = excluded.cik,
  accent_color = excluded.accent_color,
  updated_at = now();

insert into public.reporting_periods (id, label, calendar_year, quarter_number, starts_on, ends_on)
values
('q1_2025', 'Q1 2025', 2025, 1, '2025-01-01', '2025-03-31'),
('q2_2025', 'Q2 2025', 2025, 2, '2025-04-01', '2025-06-30'),
('q3_2025', 'Q3 2025', 2025, 3, '2025-07-01', '2025-09-30'),
('q4_2025', 'Q4 2025', 2025, 4, '2025-10-01', '2025-12-31')
on conflict (id) do update set
  label = excluded.label,
  calendar_year = excluded.calendar_year,
  quarter_number = excluded.quarter_number,
  starts_on = excluded.starts_on,
  ends_on = excluded.ends_on;

insert into public.financial_reports (
  company_id,
  reporting_period_id,
  source,
  source_type,
  form_type,
  accession_number,
  filing_date,
  period_end_date,
  primary_document,
  primary_document_url,
  filing_detail_url,
  metadata
)
values
('apple', 'q1_2025', 'SEC EDGAR', 'sec_filing', '10-Q', '0000320193-25-000057', '2025-05-02', '2025-03-29', 'aapl-20250329.htm', 'https://www.sec.gov/Archives/edgar/data/320193/000032019325000057/aapl-20250329.htm', 'https://www.sec.gov/Archives/edgar/data/320193/000032019325000057/', '{"ticker":"AAPL","cik":"0000320193","sec_file_number":"001-36743","sec_film_number":"25905357","fiscal_year_end":"0926","sic":"3571","sic_description":"Electronic Computers"}'::jsonb),
('apple', 'q2_2025', 'SEC EDGAR', 'sec_filing', '10-Q', '0000320193-25-000073', '2025-08-01', '2025-06-28', 'aapl-20250628.htm', 'https://www.sec.gov/Archives/edgar/data/320193/000032019325000073/aapl-20250628.htm', 'https://www.sec.gov/Archives/edgar/data/320193/000032019325000073/', '{"ticker":"AAPL","cik":"0000320193","sec_file_number":"001-36743","sec_film_number":"251173509","fiscal_year_end":"0926","sic":"3571","sic_description":"Electronic Computers"}'::jsonb),
('apple', 'q3_2025', 'SEC EDGAR', 'sec_filing', '10-K', '0000320193-25-000079', '2025-10-31', '2025-09-27', 'aapl-20250927.htm', 'https://www.sec.gov/Archives/edgar/data/320193/000032019325000079/aapl-20250927.htm', 'https://www.sec.gov/Archives/edgar/data/320193/000032019325000079/', '{"ticker":"AAPL","cik":"0000320193","sec_file_number":"001-36743","sec_film_number":"251437791","fiscal_year_end":"0926","sic":"3571","sic_description":"Electronic Computers"}'::jsonb),
('apple', 'q4_2025', 'SEC EDGAR', 'sec_filing', '10-Q', '0000320193-26-000006', '2026-01-30', '2025-12-27', 'aapl-20251227.htm', 'https://www.sec.gov/Archives/edgar/data/320193/000032019326000006/aapl-20251227.htm', 'https://www.sec.gov/Archives/edgar/data/320193/000032019326000006/', '{"ticker":"AAPL","cik":"0000320193","sec_file_number":"001-36743","sec_film_number":"26580330","fiscal_year_end":"0926","sic":"3571","sic_description":"Electronic Computers"}'::jsonb),
('microsoft', 'q1_2025', 'SEC EDGAR', 'sec_filing', '10-Q', '0000950170-25-061046', '2025-04-30', '2025-03-31', 'msft-20250331.htm', 'https://www.sec.gov/Archives/edgar/data/789019/000095017025061046/msft-20250331.htm', 'https://www.sec.gov/Archives/edgar/data/789019/000095017025061046/', '{"ticker":"MSFT","cik":"0000789019","sec_file_number":"001-37845","sec_film_number":"25895090","fiscal_year_end":"0630","sic":"7372","sic_description":"Services-Prepackaged Software"}'::jsonb),
('microsoft', 'q2_2025', 'SEC EDGAR', 'sec_filing', '10-K', '0000950170-25-100235', '2025-07-30', '2025-06-30', 'msft-20250630.htm', 'https://www.sec.gov/Archives/edgar/data/789019/000095017025100235/msft-20250630.htm', 'https://www.sec.gov/Archives/edgar/data/789019/000095017025100235/', '{"ticker":"MSFT","cik":"0000789019","sec_file_number":"001-37845","sec_film_number":"251167157","fiscal_year_end":"0630","sic":"7372","sic_description":"Services-Prepackaged Software"}'::jsonb),
('microsoft', 'q3_2025', 'SEC EDGAR', 'sec_filing', '10-Q', '0001193125-25-256321', '2025-10-29', '2025-09-30', 'msft-20250930.htm', 'https://www.sec.gov/Archives/edgar/data/789019/000119312525256321/msft-20250930.htm', 'https://www.sec.gov/Archives/edgar/data/789019/000119312525256321/', '{"ticker":"MSFT","cik":"0000789019","sec_file_number":"001-37845","sec_film_number":"251430079","fiscal_year_end":"0630","sic":"7372","sic_description":"Services-Prepackaged Software"}'::jsonb),
('microsoft', 'q4_2025', 'SEC EDGAR', 'sec_filing', '10-Q', '0001193125-26-027207', '2026-01-28', '2025-12-31', 'msft-20251231.htm', 'https://www.sec.gov/Archives/edgar/data/789019/000119312526027207/msft-20251231.htm', 'https://www.sec.gov/Archives/edgar/data/789019/000119312526027207/', '{"ticker":"MSFT","cik":"0000789019","sec_file_number":"001-37845","sec_film_number":"26572527","fiscal_year_end":"0630","sic":"7372","sic_description":"Services-Prepackaged Software"}'::jsonb),
('alphabet', 'q1_2025', 'SEC EDGAR', 'sec_filing', '10-Q', '0001652044-25-000043', '2025-04-25', '2025-03-31', 'goog-20250331.htm', 'https://www.sec.gov/Archives/edgar/data/1652044/000165204425000043/goog-20250331.htm', 'https://www.sec.gov/Archives/edgar/data/1652044/000165204425000043/', '{"ticker":"GOOGL","cik":"0001652044","sec_file_number":"001-37580","sec_film_number":"25869475","fiscal_year_end":"1231","sic":"7370","sic_description":"Services-Computer Programming, Data Processing, Etc."}'::jsonb),
('alphabet', 'q2_2025', 'SEC EDGAR', 'sec_filing', '10-Q', '0001652044-25-000062', '2025-07-24', '2025-06-30', 'goog-20250630.htm', 'https://www.sec.gov/Archives/edgar/data/1652044/000165204425000062/goog-20250630.htm', 'https://www.sec.gov/Archives/edgar/data/1652044/000165204425000062/', '{"ticker":"GOOGL","cik":"0001652044","sec_file_number":"001-37580","sec_film_number":"251144207","fiscal_year_end":"1231","sic":"7370","sic_description":"Services-Computer Programming, Data Processing, Etc."}'::jsonb),
('alphabet', 'q3_2025', 'SEC EDGAR', 'sec_filing', '10-Q', '0001652044-25-000091', '2025-10-30', '2025-09-30', 'goog-20250930.htm', 'https://www.sec.gov/Archives/edgar/data/1652044/000165204425000091/goog-20250930.htm', 'https://www.sec.gov/Archives/edgar/data/1652044/000165204425000091/', '{"ticker":"GOOGL","cik":"0001652044","sec_file_number":"001-37580","sec_film_number":"251431963","fiscal_year_end":"1231","sic":"7370","sic_description":"Services-Computer Programming, Data Processing, Etc."}'::jsonb),
('alphabet', 'q4_2025', 'SEC EDGAR', 'sec_filing', '10-K', '0001652044-26-000018', '2026-02-05', '2025-12-31', 'goog-20251231.htm', 'https://www.sec.gov/Archives/edgar/data/1652044/000165204426000018/goog-20251231.htm', 'https://www.sec.gov/Archives/edgar/data/1652044/000165204426000018/', '{"ticker":"GOOGL","cik":"0001652044","sec_file_number":"001-37580","sec_film_number":"26600221","fiscal_year_end":"1231","sic":"7370","sic_description":"Services-Computer Programming, Data Processing, Etc."}'::jsonb),
('amazon', 'q1_2025', 'SEC EDGAR', 'sec_filing', '10-Q', '0001018724-25-000036', '2025-05-02', '2025-03-31', 'amzn-20250331.htm', 'https://www.sec.gov/Archives/edgar/data/1018724/000101872425000036/amzn-20250331.htm', 'https://www.sec.gov/Archives/edgar/data/1018724/000101872425000036/', '{"ticker":"AMZN","cik":"0001018724","sec_file_number":"000-22513","sec_film_number":"25904832","fiscal_year_end":"1231","sic":"5961","sic_description":"Retail-Catalog & Mail-Order Houses"}'::jsonb),
('amazon', 'q2_2025', 'SEC EDGAR', 'sec_filing', '10-Q', '0001018724-25-000086', '2025-08-01', '2025-06-30', 'amzn-20250630.htm', 'https://www.sec.gov/Archives/edgar/data/1018724/000101872425000086/amzn-20250630.htm', 'https://www.sec.gov/Archives/edgar/data/1018724/000101872425000086/', '{"ticker":"AMZN","cik":"0001018724","sec_file_number":"000-22513","sec_film_number":"251173114","fiscal_year_end":"1231","sic":"5961","sic_description":"Retail-Catalog & Mail-Order Houses"}'::jsonb),
('amazon', 'q3_2025', 'SEC EDGAR', 'sec_filing', '10-Q', '0001018724-25-000123', '2025-10-31', '2025-09-30', 'amzn-20250930.htm', 'https://www.sec.gov/Archives/edgar/data/1018724/000101872425000123/amzn-20250930.htm', 'https://www.sec.gov/Archives/edgar/data/1018724/000101872425000123/', '{"ticker":"AMZN","cik":"0001018724","sec_file_number":"000-22513","sec_film_number":"251437410","fiscal_year_end":"1231","sic":"5961","sic_description":"Retail-Catalog & Mail-Order Houses"}'::jsonb),
('amazon', 'q4_2025', 'SEC EDGAR', 'sec_filing', '10-K', '0001018724-26-000004', '2026-02-06', '2025-12-31', 'amzn-20251231.htm', 'https://www.sec.gov/Archives/edgar/data/1018724/000101872426000004/amzn-20251231.htm', 'https://www.sec.gov/Archives/edgar/data/1018724/000101872426000004/', '{"ticker":"AMZN","cik":"0001018724","sec_file_number":"000-22513","sec_film_number":"26604493","fiscal_year_end":"1231","sic":"5961","sic_description":"Retail-Catalog & Mail-Order Houses"}'::jsonb),
('meta', 'q1_2025', 'SEC EDGAR', 'sec_filing', '10-Q', '0001326801-25-000054', '2025-05-01', '2025-03-31', 'meta-20250331.htm', 'https://www.sec.gov/Archives/edgar/data/1326801/000132680125000054/meta-20250331.htm', 'https://www.sec.gov/Archives/edgar/data/1326801/000132680125000054/', '{"ticker":"META","cik":"0001326801","sec_file_number":"001-35551","sec_film_number":"25898741","fiscal_year_end":"1231","sic":"7370","sic_description":"Services-Computer Programming, Data Processing, Etc."}'::jsonb),
('meta', 'q2_2025', 'SEC EDGAR', 'sec_filing', '10-Q', '0001628280-25-036791', '2025-07-31', '2025-06-30', 'meta-20250630.htm', 'https://www.sec.gov/Archives/edgar/data/1326801/000162828025036791/meta-20250630.htm', 'https://www.sec.gov/Archives/edgar/data/1326801/000162828025036791/', '{"ticker":"META","cik":"0001326801","sec_file_number":"001-35551","sec_film_number":"251168841","fiscal_year_end":"1231","sic":"7370","sic_description":"Services-Computer Programming, Data Processing, Etc."}'::jsonb),
('meta', 'q3_2025', 'SEC EDGAR', 'sec_filing', '10-Q', '0001628280-25-047240', '2025-10-30', '2025-09-30', 'meta-20250930.htm', 'https://www.sec.gov/Archives/edgar/data/1326801/000162828025047240/meta-20250930.htm', 'https://www.sec.gov/Archives/edgar/data/1326801/000162828025047240/', '{"ticker":"META","cik":"0001326801","sec_file_number":"001-35551","sec_film_number":"251431570","fiscal_year_end":"1231","sic":"7370","sic_description":"Services-Computer Programming, Data Processing, Etc."}'::jsonb),
('meta', 'q4_2025', 'SEC EDGAR', 'sec_filing', '10-K', '0001628280-26-003942', '2026-01-29', '2025-12-31', 'meta-20251231.htm', 'https://www.sec.gov/Archives/edgar/data/1326801/000162828026003942/meta-20251231.htm', 'https://www.sec.gov/Archives/edgar/data/1326801/000162828026003942/', '{"ticker":"META","cik":"0001326801","sec_file_number":"001-35551","sec_film_number":"26574094","fiscal_year_end":"1231","sic":"7370","sic_description":"Services-Computer Programming, Data Processing, Etc."}'::jsonb),
('nvidia', 'q1_2025', 'SEC EDGAR', 'sec_filing', '10-K', '0001045810-25-000023', '2025-02-26', '2025-01-26', 'nvda-20250126.htm', 'https://www.sec.gov/Archives/edgar/data/1045810/000104581025000023/nvda-20250126.htm', 'https://www.sec.gov/Archives/edgar/data/1045810/000104581025000023/', '{"ticker":"NVDA","cik":"0001045810","sec_file_number":"000-23985","sec_film_number":"25670928","fiscal_year_end":"0131","sic":"3674","sic_description":"Semiconductors & Related Devices"}'::jsonb),
('nvidia', 'q2_2025', 'SEC EDGAR', 'sec_filing', '10-Q', '0001045810-25-000116', '2025-05-28', '2025-04-27', 'nvda-20250427.htm', 'https://www.sec.gov/Archives/edgar/data/1045810/000104581025000116/nvda-20250427.htm', 'https://www.sec.gov/Archives/edgar/data/1045810/000104581025000116/', '{"ticker":"NVDA","cik":"0001045810","sec_file_number":"000-23985","sec_film_number":"25995866","fiscal_year_end":"0131","sic":"3674","sic_description":"Semiconductors & Related Devices"}'::jsonb),
('nvidia', 'q3_2025', 'SEC EDGAR', 'sec_filing', '10-Q', '0001045810-25-000209', '2025-08-27', '2025-07-27', 'nvda-20250727.htm', 'https://www.sec.gov/Archives/edgar/data/1045810/000104581025000209/nvda-20250727.htm', 'https://www.sec.gov/Archives/edgar/data/1045810/000104581025000209/', '{"ticker":"NVDA","cik":"0001045810","sec_file_number":"000-23985","sec_film_number":"251266138","fiscal_year_end":"0131","sic":"3674","sic_description":"Semiconductors & Related Devices"}'::jsonb),
('nvidia', 'q4_2025', 'SEC EDGAR', 'sec_filing', '10-Q', '0001045810-25-000230', '2025-11-19', '2025-10-26', 'nvda-20251026.htm', 'https://www.sec.gov/Archives/edgar/data/1045810/000104581025000230/nvda-20251026.htm', 'https://www.sec.gov/Archives/edgar/data/1045810/000104581025000230/', '{"ticker":"NVDA","cik":"0001045810","sec_file_number":"000-23985","sec_film_number":"251499810","fiscal_year_end":"0131","sic":"3674","sic_description":"Semiconductors & Related Devices"}'::jsonb),
('tesla', 'q1_2025', 'SEC EDGAR', 'sec_filing', '10-Q', '0001628280-25-018911', '2025-04-23', '2025-03-31', 'tsla-20250331.htm', 'https://www.sec.gov/Archives/edgar/data/1318605/000162828025018911/tsla-20250331.htm', 'https://www.sec.gov/Archives/edgar/data/1318605/000162828025018911/', '{"ticker":"TSLA","cik":"0001318605","sec_file_number":"001-34756","sec_film_number":"25859036","fiscal_year_end":"1231","sic":"3711","sic_description":"Motor Vehicles & Passenger Car Bodies"}'::jsonb),
('tesla', 'q2_2025', 'SEC EDGAR', 'sec_filing', '10-Q', '0001628280-25-035806', '2025-07-24', '2025-06-30', 'tsla-20250630.htm', 'https://www.sec.gov/Archives/edgar/data/1318605/000162828025035806/tsla-20250630.htm', 'https://www.sec.gov/Archives/edgar/data/1318605/000162828025035806/', '{"ticker":"TSLA","cik":"0001318605","sec_file_number":"001-34756","sec_film_number":"251144243","fiscal_year_end":"1231","sic":"3711","sic_description":"Motor Vehicles & Passenger Car Bodies"}'::jsonb),
('tesla', 'q3_2025', 'SEC EDGAR', 'sec_filing', '10-Q', '0001628280-25-045968', '2025-10-23', '2025-09-30', 'tsla-20250930.htm', 'https://www.sec.gov/Archives/edgar/data/1318605/000162828025045968/tsla-20250930.htm', 'https://www.sec.gov/Archives/edgar/data/1318605/000162828025045968/', '{"ticker":"TSLA","cik":"0001318605","sec_file_number":"001-34756","sec_film_number":"251411222","fiscal_year_end":"1231","sic":"3711","sic_description":"Motor Vehicles & Passenger Car Bodies"}'::jsonb),
('tesla', 'q4_2025', 'SEC EDGAR', 'sec_filing', '10-K', '0001628280-26-003952', '2026-01-29', '2025-12-31', 'tsla-20251231.htm', 'https://www.sec.gov/Archives/edgar/data/1318605/000162828026003952/tsla-20251231.htm', 'https://www.sec.gov/Archives/edgar/data/1318605/000162828026003952/', '{"ticker":"TSLA","cik":"0001318605","sec_file_number":"001-34756","sec_film_number":"26574326","fiscal_year_end":"1231","sic":"3711","sic_description":"Motor Vehicles & Passenger Car Bodies"}'::jsonb),
('netflix', 'q1_2025', 'SEC EDGAR', 'sec_filing', '10-Q', '0001065280-25-000176', '2025-04-18', '2025-03-31', 'nflx-20250331.htm', 'https://www.sec.gov/Archives/edgar/data/1065280/000106528025000176/nflx-20250331.htm', 'https://www.sec.gov/Archives/edgar/data/1065280/000106528025000176/', '{"ticker":"NFLX","cik":"0001065280","sec_file_number":"001-35727","sec_film_number":"25850464","fiscal_year_end":"1231","sic":"7841","sic_description":"Services-Video Tape Rental"}'::jsonb),
('netflix', 'q2_2025', 'SEC EDGAR', 'sec_filing', '10-Q', '0001065280-25-000323', '2025-07-18', '2025-06-30', 'nflx-20250630.htm', 'https://www.sec.gov/Archives/edgar/data/1065280/000106528025000323/nflx-20250630.htm', 'https://www.sec.gov/Archives/edgar/data/1065280/000106528025000323/', '{"ticker":"NFLX","cik":"0001065280","sec_file_number":"001-35727","sec_film_number":"251134469","fiscal_year_end":"1231","sic":"7841","sic_description":"Services-Video Tape Rental"}'::jsonb),
('netflix', 'q3_2025', 'SEC EDGAR', 'sec_filing', '10-Q', '0001065280-25-000406', '2025-10-22', '2025-09-30', 'nflx-20250930.htm', 'https://www.sec.gov/Archives/edgar/data/1065280/000106528025000406/nflx-20250930.htm', 'https://www.sec.gov/Archives/edgar/data/1065280/000106528025000406/', '{"ticker":"NFLX","cik":"0001065280","sec_file_number":"001-35727","sec_film_number":"251410121","fiscal_year_end":"1231","sic":"7841","sic_description":"Services-Video Tape Rental"}'::jsonb),
('netflix', 'q4_2025', 'SEC EDGAR', 'sec_filing', '10-K', '0001065280-26-000034', '2026-01-23', '2025-12-31', 'nflx-20251231.htm', 'https://www.sec.gov/Archives/edgar/data/1065280/000106528026000034/nflx-20251231.htm', 'https://www.sec.gov/Archives/edgar/data/1065280/000106528026000034/', '{"ticker":"NFLX","cik":"0001065280","sec_file_number":"001-35727","sec_film_number":"26556458","fiscal_year_end":"1231","sic":"7841","sic_description":"Services-Video Tape Rental"}'::jsonb),
('adobe', 'q1_2025', 'SEC EDGAR', 'sec_filing', '10-Q', '0000796343-25-000059', '2025-03-26', '2025-02-28', 'adbe-20250228.htm', 'https://www.sec.gov/Archives/edgar/data/796343/000079634325000059/adbe-20250228.htm', 'https://www.sec.gov/Archives/edgar/data/796343/000079634325000059/', '{"ticker":"ADBE","cik":"0000796343","sec_file_number":"000-15175","sec_film_number":"25773117","fiscal_year_end":"1127","sic":"7372","sic_description":"Services-Prepackaged Software"}'::jsonb),
('adobe', 'q2_2025', 'SEC EDGAR', 'sec_filing', '10-Q', '0000796343-25-000073', '2025-06-25', '2025-05-30', 'adbe-20250530.htm', 'https://www.sec.gov/Archives/edgar/data/796343/000079634325000073/adbe-20250530.htm', 'https://www.sec.gov/Archives/edgar/data/796343/000079634325000073/', '{"ticker":"ADBE","cik":"0000796343","sec_file_number":"000-15175","sec_film_number":"251073621","fiscal_year_end":"1127","sic":"7372","sic_description":"Services-Prepackaged Software"}'::jsonb),
('adobe', 'q3_2025', 'SEC EDGAR', 'sec_filing', '10-Q', '0000796343-25-000107', '2025-09-24', '2025-08-29', 'adbe-20250829.htm', 'https://www.sec.gov/Archives/edgar/data/796343/000079634325000107/adbe-20250829.htm', 'https://www.sec.gov/Archives/edgar/data/796343/000079634325000107/', '{"ticker":"ADBE","cik":"0000796343","sec_file_number":"000-15175","sec_film_number":"251338175","fiscal_year_end":"1127","sic":"7372","sic_description":"Services-Prepackaged Software"}'::jsonb),
('adobe', 'q4_2025', 'SEC EDGAR', 'sec_filing', '10-K', '0000796343-26-000003', '2026-01-15', '2025-11-28', 'adbe-20251128.htm', 'https://www.sec.gov/Archives/edgar/data/796343/000079634326000003/adbe-20251128.htm', 'https://www.sec.gov/Archives/edgar/data/796343/000079634326000003/', '{"ticker":"ADBE","cik":"0000796343","sec_file_number":"000-15175","sec_film_number":"26536910","fiscal_year_end":"1127","sic":"7372","sic_description":"Services-Prepackaged Software"}'::jsonb),
('salesforce', 'q1_2025', 'SEC EDGAR', 'sec_filing', '10-K', '0001108524-25-000006', '2025-03-05', '2025-01-31', 'crm-20250131.htm', 'https://www.sec.gov/Archives/edgar/data/1108524/000110852425000006/crm-20250131.htm', 'https://www.sec.gov/Archives/edgar/data/1108524/000110852425000006/', '{"ticker":"CRM","cik":"0001108524","sec_file_number":"001-32224","sec_film_number":"25711276","fiscal_year_end":"0131","sic":"7372","sic_description":"Services-Prepackaged Software"}'::jsonb),
('salesforce', 'q2_2025', 'SEC EDGAR', 'sec_filing', '10-Q', '0001108524-25-000030', '2025-05-29', '2025-04-30', 'crm-20250430.htm', 'https://www.sec.gov/Archives/edgar/data/1108524/000110852425000030/crm-20250430.htm', 'https://www.sec.gov/Archives/edgar/data/1108524/000110852425000030/', '{"ticker":"CRM","cik":"0001108524","sec_file_number":"001-32224","sec_film_number":"25997114","fiscal_year_end":"0131","sic":"7372","sic_description":"Services-Prepackaged Software"}'::jsonb),
('salesforce', 'q3_2025', 'SEC EDGAR', 'sec_filing', '10-Q', '0001108524-25-000088', '2025-09-04', '2025-07-31', 'crm-20250731.htm', 'https://www.sec.gov/Archives/edgar/data/1108524/000110852425000088/crm-20250731.htm', 'https://www.sec.gov/Archives/edgar/data/1108524/000110852425000088/', '{"ticker":"CRM","cik":"0001108524","sec_file_number":"001-32224","sec_film_number":"251291756","fiscal_year_end":"0131","sic":"7372","sic_description":"Services-Prepackaged Software"}'::jsonb),
('salesforce', 'q4_2025', 'SEC EDGAR', 'sec_filing', '10-Q', '0001108524-25-000238', '2025-12-04', '2025-10-31', 'crm-20251031.htm', 'https://www.sec.gov/Archives/edgar/data/1108524/000110852425000238/crm-20251031.htm', 'https://www.sec.gov/Archives/edgar/data/1108524/000110852425000238/', '{"ticker":"CRM","cik":"0001108524","sec_file_number":"001-32224","sec_film_number":"251547741","fiscal_year_end":"0131","sic":"7372","sic_description":"Services-Prepackaged Software"}'::jsonb)
on conflict (accession_number) do update set
  company_id = excluded.company_id,
  reporting_period_id = excluded.reporting_period_id,
  source = excluded.source,
  source_type = excluded.source_type,
  form_type = excluded.form_type,
  filing_date = excluded.filing_date,
  period_end_date = excluded.period_end_date,
  primary_document = excluded.primary_document,
  primary_document_url = excluded.primary_document_url,
  filing_detail_url = excluded.filing_detail_url,
  metadata = excluded.metadata,
  updated_at = now();
