insert into public.companies (id, name, ticker, cik, accent_color)
values
('apple', 'Apple', 'AAPL', '0000320193', '#111827'),
('microsoft', 'Microsoft', 'MSFT', '0000789019', '#2563eb'),
('alphabet', 'Alphabet', 'GOOGL', '0001652044', '#4285f4'),
('amazon', 'Amazon', 'AMZN', '0001018724', '#ff9900'),
('meta', 'Meta', 'META', '0001326801', '#2563eb'),
('nvidia', 'Nvidia', 'NVDA', '0001045810', '#76b900'),
('tesla', 'Tesla', 'TSLA', '0001318605', '#ef4444'),
('netflix', 'Netflix', 'NFLX', '0001065280', '#e50914'),
('adobe', 'Adobe', 'ADBE', '0000796343', '#ef4444'),
('salesforce', 'Salesforce', 'CRM', '0001108524', '#0ea5e9')
on conflict (id) do update set
  name = excluded.name,
  ticker = excluded.ticker,
  cik = excluded.cik,
  accent_color = excluded.accent_color,
  updated_at = now();

insert into public.reporting_periods (id, label, calendar_year, quarter_number, starts_on, ends_on)
values
('q1_2025', 'Q1 CY 2025', 2025, 1, '2025-01-01', '2025-03-31'),
('q2_2025', 'Q2 CY 2025', 2025, 2, '2025-04-01', '2025-06-30'),
('q3_2025', 'Q3 CY 2025', 2025, 3, '2025-07-01', '2025-09-30'),
('q4_2025', 'Q4 CY 2025', 2025, 4, '2025-10-01', '2025-12-31')
on conflict (id) do update set
  label = excluded.label,
  calendar_year = excluded.calendar_year,
  quarter_number = excluded.quarter_number,
  starts_on = excluded.starts_on,
  ends_on = excluded.ends_on;

insert into public.financial_reports (
  company_id,
  reporting_period_id,
  source,
  source_type,
  form_type,
  accession_number,
  filing_date,
  period_end_date,
  primary_document,
  primary_document_url,
  filing_detail_url,
  metadata,
  calendar_frame,
  total_revenue_billions,
  revenue_fact_concept,
  revenue_derivation
)
values
('apple', 'q1_2025', 'SEC EDGAR XBRL', 'sec_filing', '10-Q', '0000320193-26-000013', '2026-05-01', '2026-03-28', 'aapl-20260328.htm', 'https://www.sec.gov/Archives/edgar/data/320193/000032019326000013/aapl-20260328.htm', 'https://www.sec.gov/Archives/edgar/data/320193/000032019326000013/', '{"ticker":"AAPL","cik":"0000320193","fiscal_year_end":"0926","sic":"3571","sic_description":"Electronic Computers","sec_file_number":"001-36743","sec_film_number":"26928636","xbrl_start":"2024-12-29","xbrl_end":"2025-03-29","xbrl_frame":"CY2025Q1","xbrl_fiscal_year":2026,"xbrl_fiscal_period":"Q2"}'::jsonb, 'CY2025Q1', 95.359, 'RevenueFromContractWithCustomerExcludingAssessedTax', 'direct_sec_calendar_frame'),
('apple', 'q2_2025', 'SEC EDGAR XBRL', 'sec_filing', '10-Q', '0000320193-25-000073', '2025-08-01', '2025-06-28', 'aapl-20250628.htm', 'https://www.sec.gov/Archives/edgar/data/320193/000032019325000073/aapl-20250628.htm', 'https://www.sec.gov/Archives/edgar/data/320193/000032019325000073/', '{"ticker":"AAPL","cik":"0000320193","fiscal_year_end":"0926","sic":"3571","sic_description":"Electronic Computers","sec_file_number":"001-36743","sec_film_number":"251173509","xbrl_start":"2025-03-30","xbrl_end":"2025-06-28","xbrl_frame":"CY2025Q2","xbrl_fiscal_year":2025,"xbrl_fiscal_period":"Q3"}'::jsonb, 'CY2025Q2', 94.036, 'RevenueFromContractWithCustomerExcludingAssessedTax', 'direct_sec_calendar_frame'),
('apple', 'q3_2025', 'SEC EDGAR XBRL', 'sec_filing', '10-K', '0000320193-25-000079', '2025-10-31', '2025-09-27', 'aapl-20250927.htm', 'https://www.sec.gov/Archives/edgar/data/320193/000032019325000079/aapl-20250927.htm', 'https://www.sec.gov/Archives/edgar/data/320193/000032019325000079/', '{"ticker":"AAPL","cik":"0000320193","fiscal_year_end":"0926","sic":"3571","sic_description":"Electronic Computers","sec_file_number":"001-36743","sec_film_number":"251437791","xbrl_start":"2024-09-29","xbrl_end":"2025-09-27","xbrl_frame":"CY2025","xbrl_fiscal_year":2025,"xbrl_fiscal_period":"FY","computed_from":["0000320193-25-000079","0000320193-25-000073"]}'::jsonb, 'CY2025Q3', 102.466, 'RevenueFromContractWithCustomerExcludingAssessedTax', 'annual_cy_minus_prior_ytd_same_fiscal_year'),
('apple', 'q4_2025', 'SEC EDGAR XBRL', 'sec_filing', '10-Q', '0000320193-26-000006', '2026-01-30', '2025-12-27', 'aapl-20251227.htm', 'https://www.sec.gov/Archives/edgar/data/320193/000032019326000006/aapl-20251227.htm', 'https://www.sec.gov/Archives/edgar/data/320193/000032019326000006/', '{"ticker":"AAPL","cik":"0000320193","fiscal_year_end":"0926","sic":"3571","sic_description":"Electronic Computers","sec_file_number":"001-36743","sec_film_number":"26580330","xbrl_start":"2025-09-28","xbrl_end":"2025-12-27","xbrl_frame":"CY2025Q4","xbrl_fiscal_year":2026,"xbrl_fiscal_period":"Q1"}'::jsonb, 'CY2025Q4', 143.756, 'RevenueFromContractWithCustomerExcludingAssessedTax', 'direct_sec_calendar_frame'),
('microsoft', 'q1_2025', 'SEC EDGAR XBRL', 'sec_filing', '10-Q', '0001193125-26-191507', '2026-04-29', '2026-03-31', 'msft-20260331.htm', 'https://www.sec.gov/Archives/edgar/data/789019/000119312526191507/msft-20260331.htm', 'https://www.sec.gov/Archives/edgar/data/789019/000119312526191507/', '{"ticker":"MSFT","cik":"0000789019","fiscal_year_end":"0630","sic":"7372","sic_description":"Services-Prepackaged Software","sec_file_number":"001-37845","sec_film_number":"26915896","xbrl_start":"2025-01-01","xbrl_end":"2025-03-31","xbrl_frame":"CY2025Q1","xbrl_fiscal_year":2026,"xbrl_fiscal_period":"Q3"}'::jsonb, 'CY2025Q1', 70.066, 'RevenueFromContractWithCustomerExcludingAssessedTax', 'direct_sec_calendar_frame'),
('microsoft', 'q2_2025', 'SEC EDGAR XBRL', 'sec_filing', '10-K', '0000950170-25-100235', '2025-07-30', '2025-06-30', 'msft-20250630.htm', 'https://www.sec.gov/Archives/edgar/data/789019/000095017025100235/msft-20250630.htm', 'https://www.sec.gov/Archives/edgar/data/789019/000095017025100235/', '{"ticker":"MSFT","cik":"0000789019","fiscal_year_end":"0630","sic":"7372","sic_description":"Services-Prepackaged Software","sec_file_number":"001-37845","sec_film_number":"251167157","xbrl_start":"2024-07-01","xbrl_end":"2025-06-30","xbrl_frame":"CY2025","xbrl_fiscal_year":2025,"xbrl_fiscal_period":"FY","computed_from":["0000950170-25-100235","0001193125-26-191507"]}'::jsonb, 'CY2025Q2', 76.441, 'RevenueFromContractWithCustomerExcludingAssessedTax', 'annual_cy_minus_prior_ytd_same_fiscal_year'),
('microsoft', 'q3_2025', 'SEC EDGAR XBRL', 'sec_filing', '10-Q', '0001193125-25-256321', '2025-10-29', '2025-09-30', 'msft-20250930.htm', 'https://www.sec.gov/Archives/edgar/data/789019/000119312525256321/msft-20250930.htm', 'https://www.sec.gov/Archives/edgar/data/789019/000119312525256321/', '{"ticker":"MSFT","cik":"0000789019","fiscal_year_end":"0630","sic":"7372","sic_description":"Services-Prepackaged Software","sec_file_number":"001-37845","sec_film_number":"251430079","xbrl_start":"2025-07-01","xbrl_end":"2025-09-30","xbrl_frame":"CY2025Q3","xbrl_fiscal_year":2026,"xbrl_fiscal_period":"Q1"}'::jsonb, 'CY2025Q3', 77.673, 'RevenueFromContractWithCustomerExcludingAssessedTax', 'direct_sec_calendar_frame'),
('microsoft', 'q4_2025', 'SEC EDGAR XBRL', 'sec_filing', '10-Q', '0001193125-26-027207', '2026-01-28', '2025-12-31', 'msft-20251231.htm', 'https://www.sec.gov/Archives/edgar/data/789019/000119312526027207/msft-20251231.htm', 'https://www.sec.gov/Archives/edgar/data/789019/000119312526027207/', '{"ticker":"MSFT","cik":"0000789019","fiscal_year_end":"0630","sic":"7372","sic_description":"Services-Prepackaged Software","sec_file_number":"001-37845","sec_film_number":"26572527","xbrl_start":"2025-10-01","xbrl_end":"2025-12-31","xbrl_frame":"CY2025Q4","xbrl_fiscal_year":2026,"xbrl_fiscal_period":"Q2"}'::jsonb, 'CY2025Q4', 81.273, 'RevenueFromContractWithCustomerExcludingAssessedTax', 'direct_sec_calendar_frame'),
('alphabet', 'q1_2025', 'SEC EDGAR XBRL', 'sec_filing', '10-Q', '0001652044-26-000048', '2026-04-30', '2026-03-31', 'goog-20260331.htm', 'https://www.sec.gov/Archives/edgar/data/1652044/000165204426000048/goog-20260331.htm', 'https://www.sec.gov/Archives/edgar/data/1652044/000165204426000048/', '{"ticker":"GOOGL","cik":"0001652044","fiscal_year_end":"1231","sic":"7370","sic_description":"Services-Computer Programming, Data Processing, Etc.","sec_file_number":"001-37580","sec_film_number":"26919424","xbrl_start":"2025-01-01","xbrl_end":"2025-03-31","xbrl_frame":"CY2025Q1","xbrl_fiscal_year":2026,"xbrl_fiscal_period":"Q1"}'::jsonb, 'CY2025Q1', 90.234, 'Revenues', 'direct_sec_calendar_frame'),
('alphabet', 'q2_2025', 'SEC EDGAR XBRL', 'sec_filing', '10-Q', '0001652044-25-000062', '2025-07-24', '2025-06-30', 'goog-20250630.htm', 'https://www.sec.gov/Archives/edgar/data/1652044/000165204425000062/goog-20250630.htm', 'https://www.sec.gov/Archives/edgar/data/1652044/000165204425000062/', '{"ticker":"GOOGL","cik":"0001652044","fiscal_year_end":"1231","sic":"7370","sic_description":"Services-Computer Programming, Data Processing, Etc.","sec_file_number":"001-37580","sec_film_number":"251144207","xbrl_start":"2025-04-01","xbrl_end":"2025-06-30","xbrl_frame":"CY2025Q2","xbrl_fiscal_year":2025,"xbrl_fiscal_period":"Q2"}'::jsonb, 'CY2025Q2', 96.428, 'Revenues', 'direct_sec_calendar_frame'),
('alphabet', 'q3_2025', 'SEC EDGAR XBRL', 'sec_filing', '10-Q', '0001652044-25-000091', '2025-10-30', '2025-09-30', 'goog-20250930.htm', 'https://www.sec.gov/Archives/edgar/data/1652044/000165204425000091/goog-20250930.htm', 'https://www.sec.gov/Archives/edgar/data/1652044/000165204425000091/', '{"ticker":"GOOGL","cik":"0001652044","fiscal_year_end":"1231","sic":"7370","sic_description":"Services-Computer Programming, Data Processing, Etc.","sec_file_number":"001-37580","sec_film_number":"251431963","xbrl_start":"2025-07-01","xbrl_end":"2025-09-30","xbrl_frame":"CY2025Q3","xbrl_fiscal_year":2025,"xbrl_fiscal_period":"Q3"}'::jsonb, 'CY2025Q3', 102.346, 'Revenues', 'direct_sec_calendar_frame'),
('alphabet', 'q4_2025', 'SEC EDGAR XBRL', 'sec_filing', '10-K', '0001652044-26-000018', '2026-02-05', '2025-12-31', 'goog-20251231.htm', 'https://www.sec.gov/Archives/edgar/data/1652044/000165204426000018/goog-20251231.htm', 'https://www.sec.gov/Archives/edgar/data/1652044/000165204426000018/', '{"ticker":"GOOGL","cik":"0001652044","fiscal_year_end":"1231","sic":"7370","sic_description":"Services-Computer Programming, Data Processing, Etc.","sec_file_number":"001-37580","sec_film_number":"26600221","xbrl_start":"2025-01-01","xbrl_end":"2025-12-31","xbrl_frame":"CY2025","xbrl_fiscal_year":2025,"xbrl_fiscal_period":"FY","computed_from":["0001652044-26-000018","0001652044-25-000091"]}'::jsonb, 'CY2025Q4', 113.829, 'Revenues', 'annual_cy_minus_prior_ytd_same_fiscal_year'),
('amazon', 'q1_2025', 'SEC EDGAR XBRL', 'sec_filing', '10-Q', '0001018724-26-000014', '2026-04-30', '2026-03-31', 'amzn-20260331.htm', 'https://www.sec.gov/Archives/edgar/data/1018724/000101872426000014/amzn-20260331.htm', 'https://www.sec.gov/Archives/edgar/data/1018724/000101872426000014/', '{"ticker":"AMZN","cik":"0001018724","fiscal_year_end":"1231","sic":"5961","sic_description":"Retail-Catalog & Mail-Order Houses","sec_file_number":"001-43202","sec_film_number":"26918958","xbrl_start":"2025-01-01","xbrl_end":"2025-03-31","xbrl_frame":"CY2025Q1","xbrl_fiscal_year":2026,"xbrl_fiscal_period":"Q1"}'::jsonb, 'CY2025Q1', 155.667, 'RevenueFromContractWithCustomerExcludingAssessedTax', 'direct_sec_calendar_frame'),
('amazon', 'q2_2025', 'SEC EDGAR XBRL', 'sec_filing', '10-Q', '0001018724-25-000086', '2025-08-01', '2025-06-30', 'amzn-20250630.htm', 'https://www.sec.gov/Archives/edgar/data/1018724/000101872425000086/amzn-20250630.htm', 'https://www.sec.gov/Archives/edgar/data/1018724/000101872425000086/', '{"ticker":"AMZN","cik":"0001018724","fiscal_year_end":"1231","sic":"5961","sic_description":"Retail-Catalog & Mail-Order Houses","sec_file_number":"000-22513","sec_film_number":"251173114","xbrl_start":"2025-04-01","xbrl_end":"2025-06-30","xbrl_frame":"CY2025Q2","xbrl_fiscal_year":2025,"xbrl_fiscal_period":"Q2"}'::jsonb, 'CY2025Q2', 167.702, 'RevenueFromContractWithCustomerExcludingAssessedTax', 'direct_sec_calendar_frame'),
('amazon', 'q3_2025', 'SEC EDGAR XBRL', 'sec_filing', '10-Q', '0001018724-25-000123', '2025-10-31', '2025-09-30', 'amzn-20250930.htm', 'https://www.sec.gov/Archives/edgar/data/1018724/000101872425000123/amzn-20250930.htm', 'https://www.sec.gov/Archives/edgar/data/1018724/000101872425000123/', '{"ticker":"AMZN","cik":"0001018724","fiscal_year_end":"1231","sic":"5961","sic_description":"Retail-Catalog & Mail-Order Houses","sec_file_number":"000-22513","sec_film_number":"251437410","xbrl_start":"2025-07-01","xbrl_end":"2025-09-30","xbrl_frame":"CY2025Q3","xbrl_fiscal_year":2025,"xbrl_fiscal_period":"Q3"}'::jsonb, 'CY2025Q3', 180.169, 'RevenueFromContractWithCustomerExcludingAssessedTax', 'direct_sec_calendar_frame'),
('amazon', 'q4_2025', 'SEC EDGAR XBRL', 'sec_filing', '10-K', '0001018724-26-000004', '2026-02-06', '2025-12-31', 'amzn-20251231.htm', 'https://www.sec.gov/Archives/edgar/data/1018724/000101872426000004/amzn-20251231.htm', 'https://www.sec.gov/Archives/edgar/data/1018724/000101872426000004/', '{"ticker":"AMZN","cik":"0001018724","fiscal_year_end":"1231","sic":"5961","sic_description":"Retail-Catalog & Mail-Order Houses","sec_file_number":"000-22513","sec_film_number":"26604493","xbrl_start":"2025-01-01","xbrl_end":"2025-12-31","xbrl_frame":"CY2025","xbrl_fiscal_year":2025,"xbrl_fiscal_period":"FY","computed_from":["0001018724-26-000004","0001018724-25-000123"]}'::jsonb, 'CY2025Q4', 213.386, 'RevenueFromContractWithCustomerExcludingAssessedTax', 'annual_cy_minus_prior_ytd_same_fiscal_year'),
('meta', 'q1_2025', 'SEC EDGAR XBRL', 'sec_filing', '10-Q', '0001628280-26-028526', '2026-04-30', '2026-03-31', 'meta-20260331.htm', 'https://www.sec.gov/Archives/edgar/data/1326801/000162828026028526/meta-20260331.htm', 'https://www.sec.gov/Archives/edgar/data/1326801/000162828026028526/', '{"ticker":"META","cik":"0001326801","fiscal_year_end":"1231","sic":"7370","sic_description":"Services-Computer Programming, Data Processing, Etc.","sec_file_number":"001-35551","sec_film_number":"26919216","xbrl_start":"2025-01-01","xbrl_end":"2025-03-31","xbrl_frame":"CY2025Q1","xbrl_fiscal_year":2026,"xbrl_fiscal_period":"Q1"}'::jsonb, 'CY2025Q1', 42.314, 'RevenueFromContractWithCustomerExcludingAssessedTax', 'direct_sec_calendar_frame'),
('meta', 'q2_2025', 'SEC EDGAR XBRL', 'sec_filing', '10-Q', '0001628280-25-036791', '2025-07-31', '2025-06-30', 'meta-20250630.htm', 'https://www.sec.gov/Archives/edgar/data/1326801/000162828025036791/meta-20250630.htm', 'https://www.sec.gov/Archives/edgar/data/1326801/000162828025036791/', '{"ticker":"META","cik":"0001326801","fiscal_year_end":"1231","sic":"7370","sic_description":"Services-Computer Programming, Data Processing, Etc.","sec_file_number":"001-35551","sec_film_number":"251168841","xbrl_start":"2025-04-01","xbrl_end":"2025-06-30","xbrl_frame":"CY2025Q2","xbrl_fiscal_year":2025,"xbrl_fiscal_period":"Q2"}'::jsonb, 'CY2025Q2', 47.516, 'RevenueFromContractWithCustomerExcludingAssessedTax', 'direct_sec_calendar_frame'),
('meta', 'q3_2025', 'SEC EDGAR XBRL', 'sec_filing', '10-Q', '0001628280-25-047240', '2025-10-30', '2025-09-30', 'meta-20250930.htm', 'https://www.sec.gov/Archives/edgar/data/1326801/000162828025047240/meta-20250930.htm', 'https://www.sec.gov/Archives/edgar/data/1326801/000162828025047240/', '{"ticker":"META","cik":"0001326801","fiscal_year_end":"1231","sic":"7370","sic_description":"Services-Computer Programming, Data Processing, Etc.","sec_file_number":"001-35551","sec_film_number":"251431570","xbrl_start":"2025-07-01","xbrl_end":"2025-09-30","xbrl_frame":"CY2025Q3","xbrl_fiscal_year":2025,"xbrl_fiscal_period":"Q3"}'::jsonb, 'CY2025Q3', 51.242, 'RevenueFromContractWithCustomerExcludingAssessedTax', 'direct_sec_calendar_frame'),
('meta', 'q4_2025', 'SEC EDGAR XBRL', 'sec_filing', '10-K', '0001628280-26-003942', '2026-01-29', '2025-12-31', 'meta-20251231.htm', 'https://www.sec.gov/Archives/edgar/data/1326801/000162828026003942/meta-20251231.htm', 'https://www.sec.gov/Archives/edgar/data/1326801/000162828026003942/', '{"ticker":"META","cik":"0001326801","fiscal_year_end":"1231","sic":"7370","sic_description":"Services-Computer Programming, Data Processing, Etc.","sec_file_number":"001-35551","sec_film_number":"26574094","xbrl_start":"2025-01-01","xbrl_end":"2025-12-31","xbrl_frame":"CY2025","xbrl_fiscal_year":2025,"xbrl_fiscal_period":"FY","computed_from":["0001628280-26-003942","0001628280-25-047240"]}'::jsonb, 'CY2025Q4', 59.893, 'RevenueFromContractWithCustomerExcludingAssessedTax', 'annual_cy_minus_prior_ytd_same_fiscal_year'),
('nvidia', 'q1_2025', 'SEC EDGAR XBRL', 'sec_filing', '10-Q', '0001045810-25-000116', '2025-05-28', '2025-04-27', 'nvda-20250427.htm', 'https://www.sec.gov/Archives/edgar/data/1045810/000104581025000116/nvda-20250427.htm', 'https://www.sec.gov/Archives/edgar/data/1045810/000104581025000116/', '{"ticker":"NVDA","cik":"0001045810","fiscal_year_end":"0131","sic":"3674","sic_description":"Semiconductors & Related Devices","sec_file_number":"000-23985","sec_film_number":"25995866","xbrl_start":"2025-01-27","xbrl_end":"2025-04-27","xbrl_frame":"CY2025Q1","xbrl_fiscal_year":2026,"xbrl_fiscal_period":"Q1"}'::jsonb, 'CY2025Q1', 44.062, 'Revenues', 'direct_sec_calendar_frame'),
('nvidia', 'q2_2025', 'SEC EDGAR XBRL', 'sec_filing', '10-Q', '0001045810-25-000209', '2025-08-27', '2025-07-27', 'nvda-20250727.htm', 'https://www.sec.gov/Archives/edgar/data/1045810/000104581025000209/nvda-20250727.htm', 'https://www.sec.gov/Archives/edgar/data/1045810/000104581025000209/', '{"ticker":"NVDA","cik":"0001045810","fiscal_year_end":"0131","sic":"3674","sic_description":"Semiconductors & Related Devices","sec_file_number":"000-23985","sec_film_number":"251266138","xbrl_start":"2025-04-28","xbrl_end":"2025-07-27","xbrl_frame":"CY2025Q2","xbrl_fiscal_year":2026,"xbrl_fiscal_period":"Q2"}'::jsonb, 'CY2025Q2', 46.743, 'Revenues', 'direct_sec_calendar_frame'),
('nvidia', 'q3_2025', 'SEC EDGAR XBRL', 'sec_filing', '10-Q', '0001045810-25-000230', '2025-11-19', '2025-10-26', 'nvda-20251026.htm', 'https://www.sec.gov/Archives/edgar/data/1045810/000104581025000230/nvda-20251026.htm', 'https://www.sec.gov/Archives/edgar/data/1045810/000104581025000230/', '{"ticker":"NVDA","cik":"0001045810","fiscal_year_end":"0131","sic":"3674","sic_description":"Semiconductors & Related Devices","sec_file_number":"000-23985","sec_film_number":"251499810","xbrl_start":"2025-07-28","xbrl_end":"2025-10-26","xbrl_frame":"CY2025Q3","xbrl_fiscal_year":2026,"xbrl_fiscal_period":"Q3"}'::jsonb, 'CY2025Q3', 57.006, 'Revenues', 'direct_sec_calendar_frame'),
('nvidia', 'q4_2025', 'SEC EDGAR XBRL', 'sec_filing', '10-K', '0001045810-26-000021', '2026-02-25', '2026-01-25', 'nvda-20260125.htm', 'https://www.sec.gov/Archives/edgar/data/1045810/000104581026000021/nvda-20260125.htm', 'https://www.sec.gov/Archives/edgar/data/1045810/000104581026000021/', '{"ticker":"NVDA","cik":"0001045810","fiscal_year_end":"0131","sic":"3674","sic_description":"Semiconductors & Related Devices","sec_file_number":"000-23985","sec_film_number":"26679581","xbrl_start":"2025-01-27","xbrl_end":"2026-01-25","xbrl_frame":"CY2025","xbrl_fiscal_year":2026,"xbrl_fiscal_period":"FY","computed_from":["0001045810-26-000021","0001045810-25-000230"]}'::jsonb, 'CY2025Q4', 68.127, 'Revenues', 'annual_cy_minus_prior_ytd_same_fiscal_year'),
('tesla', 'q1_2025', 'SEC EDGAR XBRL', 'sec_filing', '10-Q', '0001628280-26-026673', '2026-04-23', '2026-03-31', 'tsla-20260331.htm', 'https://www.sec.gov/Archives/edgar/data/1318605/000162828026026673/tsla-20260331.htm', 'https://www.sec.gov/Archives/edgar/data/1318605/000162828026026673/', '{"ticker":"TSLA","cik":"0001318605","fiscal_year_end":"1231","sic":"3711","sic_description":"Motor Vehicles & Passenger Car Bodies","sec_file_number":"001-34756","sec_film_number":"26885308","xbrl_start":"2025-01-01","xbrl_end":"2025-03-31","xbrl_frame":"CY2025Q1","xbrl_fiscal_year":2026,"xbrl_fiscal_period":"Q1"}'::jsonb, 'CY2025Q1', 19.335, 'RevenueFromContractWithCustomerExcludingAssessedTax', 'direct_sec_calendar_frame'),
('tesla', 'q2_2025', 'SEC EDGAR XBRL', 'sec_filing', '10-Q', '0001628280-25-035806', '2025-07-24', '2025-06-30', 'tsla-20250630.htm', 'https://www.sec.gov/Archives/edgar/data/1318605/000162828025035806/tsla-20250630.htm', 'https://www.sec.gov/Archives/edgar/data/1318605/000162828025035806/', '{"ticker":"TSLA","cik":"0001318605","fiscal_year_end":"1231","sic":"3711","sic_description":"Motor Vehicles & Passenger Car Bodies","sec_file_number":"001-34756","sec_film_number":"251144243","xbrl_start":"2025-04-01","xbrl_end":"2025-06-30","xbrl_frame":"CY2025Q2","xbrl_fiscal_year":2025,"xbrl_fiscal_period":"Q2"}'::jsonb, 'CY2025Q2', 22.496, 'RevenueFromContractWithCustomerExcludingAssessedTax', 'direct_sec_calendar_frame'),
('tesla', 'q3_2025', 'SEC EDGAR XBRL', 'sec_filing', '10-Q', '0001628280-25-045968', '2025-10-23', '2025-09-30', 'tsla-20250930.htm', 'https://www.sec.gov/Archives/edgar/data/1318605/000162828025045968/tsla-20250930.htm', 'https://www.sec.gov/Archives/edgar/data/1318605/000162828025045968/', '{"ticker":"TSLA","cik":"0001318605","fiscal_year_end":"1231","sic":"3711","sic_description":"Motor Vehicles & Passenger Car Bodies","sec_file_number":"001-34756","sec_film_number":"251411222","xbrl_start":"2025-07-01","xbrl_end":"2025-09-30","xbrl_frame":"CY2025Q3","xbrl_fiscal_year":2025,"xbrl_fiscal_period":"Q3"}'::jsonb, 'CY2025Q3', 28.095, 'RevenueFromContractWithCustomerExcludingAssessedTax', 'direct_sec_calendar_frame'),
('tesla', 'q4_2025', 'SEC EDGAR XBRL', 'sec_filing', '10-K', '0001628280-26-003952', '2026-01-29', '2025-12-31', 'tsla-20251231.htm', 'https://www.sec.gov/Archives/edgar/data/1318605/000162828026003952/tsla-20251231.htm', 'https://www.sec.gov/Archives/edgar/data/1318605/000162828026003952/', '{"ticker":"TSLA","cik":"0001318605","fiscal_year_end":"1231","sic":"3711","sic_description":"Motor Vehicles & Passenger Car Bodies","sec_file_number":"001-34756","sec_film_number":"26574326","xbrl_start":"2025-01-01","xbrl_end":"2025-12-31","xbrl_frame":"CY2025","xbrl_fiscal_year":2025,"xbrl_fiscal_period":"FY","computed_from":["0001628280-26-003952","0001628280-25-045968"]}'::jsonb, 'CY2025Q4', 24.901, 'RevenueFromContractWithCustomerExcludingAssessedTax', 'annual_cy_minus_prior_ytd_same_fiscal_year'),
('netflix', 'q1_2025', 'SEC EDGAR XBRL', 'sec_filing', '10-Q', '0001065280-26-000138', '2026-04-17', '2026-03-31', 'nflx-20260331.htm', 'https://www.sec.gov/Archives/edgar/data/1065280/000106528026000138/nflx-20260331.htm', 'https://www.sec.gov/Archives/edgar/data/1065280/000106528026000138/', '{"ticker":"NFLX","cik":"0001065280","fiscal_year_end":"1231","sic":"7841","sic_description":"Services-Video Tape Rental","sec_file_number":"001-35727","sec_film_number":"26871459","xbrl_start":"2025-01-01","xbrl_end":"2025-03-31","xbrl_frame":"CY2025Q1","xbrl_fiscal_year":2026,"xbrl_fiscal_period":"Q1"}'::jsonb, 'CY2025Q1', 10.543, 'Revenues', 'direct_sec_calendar_frame'),
('netflix', 'q2_2025', 'SEC EDGAR XBRL', 'sec_filing', '10-Q', '0001065280-25-000323', '2025-07-18', '2025-06-30', 'nflx-20250630.htm', 'https://www.sec.gov/Archives/edgar/data/1065280/000106528025000323/nflx-20250630.htm', 'https://www.sec.gov/Archives/edgar/data/1065280/000106528025000323/', '{"ticker":"NFLX","cik":"0001065280","fiscal_year_end":"1231","sic":"7841","sic_description":"Services-Video Tape Rental","sec_file_number":"001-35727","sec_film_number":"251134469","xbrl_start":"2025-04-01","xbrl_end":"2025-06-30","xbrl_frame":"CY2025Q2","xbrl_fiscal_year":2025,"xbrl_fiscal_period":"Q2"}'::jsonb, 'CY2025Q2', 11.079, 'Revenues', 'direct_sec_calendar_frame'),
('netflix', 'q3_2025', 'SEC EDGAR XBRL', 'sec_filing', '10-Q', '0001065280-25-000406', '2025-10-22', '2025-09-30', 'nflx-20250930.htm', 'https://www.sec.gov/Archives/edgar/data/1065280/000106528025000406/nflx-20250930.htm', 'https://www.sec.gov/Archives/edgar/data/1065280/000106528025000406/', '{"ticker":"NFLX","cik":"0001065280","fiscal_year_end":"1231","sic":"7841","sic_description":"Services-Video Tape Rental","sec_file_number":"001-35727","sec_film_number":"251410121","xbrl_start":"2025-07-01","xbrl_end":"2025-09-30","xbrl_frame":"CY2025Q3","xbrl_fiscal_year":2025,"xbrl_fiscal_period":"Q3"}'::jsonb, 'CY2025Q3', 11.51, 'Revenues', 'direct_sec_calendar_frame'),
('netflix', 'q4_2025', 'SEC EDGAR XBRL', 'sec_filing', '10-K', '0001065280-26-000034', '2026-01-23', '2025-12-31', 'nflx-20251231.htm', 'https://www.sec.gov/Archives/edgar/data/1065280/000106528026000034/nflx-20251231.htm', 'https://www.sec.gov/Archives/edgar/data/1065280/000106528026000034/', '{"ticker":"NFLX","cik":"0001065280","fiscal_year_end":"1231","sic":"7841","sic_description":"Services-Video Tape Rental","sec_file_number":"001-35727","sec_film_number":"26556458","xbrl_start":"2025-01-01","xbrl_end":"2025-12-31","xbrl_frame":"CY2025","xbrl_fiscal_year":2025,"xbrl_fiscal_period":"FY","computed_from":["0001065280-26-000034","0001065280-25-000406"]}'::jsonb, 'CY2025Q4', 12.051, 'Revenues', 'annual_cy_minus_prior_ytd_same_fiscal_year'),
('adobe', 'q1_2025', 'SEC EDGAR XBRL', 'sec_filing', '10-Q', '0000796343-26-000056', '2026-03-25', '2026-02-27', 'adbe-20260227.htm', 'https://www.sec.gov/Archives/edgar/data/796343/000079634326000056/adbe-20260227.htm', 'https://www.sec.gov/Archives/edgar/data/796343/000079634326000056/', '{"ticker":"ADBE","cik":"0000796343","fiscal_year_end":"1127","sic":"7372","sic_description":"Services-Prepackaged Software","sec_file_number":"000-15175","sec_film_number":"26792448","xbrl_start":"2024-11-30","xbrl_end":"2025-02-28","xbrl_frame":"CY2025Q1","xbrl_fiscal_year":2026,"xbrl_fiscal_period":"Q1"}'::jsonb, 'CY2025Q1', 5.714, 'Revenues', 'direct_sec_calendar_frame'),
('adobe', 'q2_2025', 'SEC EDGAR XBRL', 'sec_filing', '10-Q', '0000796343-25-000073', '2025-06-25', '2025-05-30', 'adbe-20250530.htm', 'https://www.sec.gov/Archives/edgar/data/796343/000079634325000073/adbe-20250530.htm', 'https://www.sec.gov/Archives/edgar/data/796343/000079634325000073/', '{"ticker":"ADBE","cik":"0000796343","fiscal_year_end":"1127","sic":"7372","sic_description":"Services-Prepackaged Software","sec_file_number":"000-15175","sec_film_number":"251073621","xbrl_start":"2025-03-01","xbrl_end":"2025-05-30","xbrl_frame":"CY2025Q2","xbrl_fiscal_year":2025,"xbrl_fiscal_period":"Q2"}'::jsonb, 'CY2025Q2', 5.873, 'Revenues', 'direct_sec_calendar_frame'),
('adobe', 'q3_2025', 'SEC EDGAR XBRL', 'sec_filing', '10-Q', '0000796343-25-000107', '2025-09-24', '2025-08-29', 'adbe-20250829.htm', 'https://www.sec.gov/Archives/edgar/data/796343/000079634325000107/adbe-20250829.htm', 'https://www.sec.gov/Archives/edgar/data/796343/000079634325000107/', '{"ticker":"ADBE","cik":"0000796343","fiscal_year_end":"1127","sic":"7372","sic_description":"Services-Prepackaged Software","sec_file_number":"000-15175","sec_film_number":"251338175","xbrl_start":"2025-05-31","xbrl_end":"2025-08-29","xbrl_frame":"CY2025Q3","xbrl_fiscal_year":2025,"xbrl_fiscal_period":"Q3"}'::jsonb, 'CY2025Q3', 5.988, 'Revenues', 'direct_sec_calendar_frame'),
('adobe', 'q4_2025', 'SEC EDGAR XBRL', 'sec_filing', '10-K', '0000796343-26-000003', '2026-01-15', '2025-11-28', 'adbe-20251128.htm', 'https://www.sec.gov/Archives/edgar/data/796343/000079634326000003/adbe-20251128.htm', 'https://www.sec.gov/Archives/edgar/data/796343/000079634326000003/', '{"ticker":"ADBE","cik":"0000796343","fiscal_year_end":"1127","sic":"7372","sic_description":"Services-Prepackaged Software","sec_file_number":"000-15175","sec_film_number":"26536910","xbrl_start":"2024-11-30","xbrl_end":"2025-11-28","xbrl_frame":"CY2025","xbrl_fiscal_year":2025,"xbrl_fiscal_period":"FY","computed_from":["0000796343-26-000003","0000796343-25-000107"]}'::jsonb, 'CY2025Q4', 6.194, 'Revenues', 'annual_cy_minus_prior_ytd_same_fiscal_year'),
('salesforce', 'q1_2025', 'SEC EDGAR XBRL', 'sec_filing', '10-Q', '0001108524-25-000030', '2025-05-29', '2025-04-30', 'crm-20250430.htm', 'https://www.sec.gov/Archives/edgar/data/1108524/000110852425000030/crm-20250430.htm', 'https://www.sec.gov/Archives/edgar/data/1108524/000110852425000030/', '{"ticker":"CRM","cik":"0001108524","fiscal_year_end":"0131","sic":"7372","sic_description":"Services-Prepackaged Software","sec_file_number":"001-32224","sec_film_number":"25997114","xbrl_start":"2025-02-01","xbrl_end":"2025-04-30","xbrl_frame":"CY2025Q1","xbrl_fiscal_year":2026,"xbrl_fiscal_period":"Q1"}'::jsonb, 'CY2025Q1', 9.829, 'RevenueFromContractWithCustomerExcludingAssessedTax', 'direct_sec_calendar_frame'),
('salesforce', 'q2_2025', 'SEC EDGAR XBRL', 'sec_filing', '10-Q', '0001108524-25-000088', '2025-09-04', '2025-07-31', 'crm-20250731.htm', 'https://www.sec.gov/Archives/edgar/data/1108524/000110852425000088/crm-20250731.htm', 'https://www.sec.gov/Archives/edgar/data/1108524/000110852425000088/', '{"ticker":"CRM","cik":"0001108524","fiscal_year_end":"0131","sic":"7372","sic_description":"Services-Prepackaged Software","sec_file_number":"001-32224","sec_film_number":"251291756","xbrl_start":"2025-05-01","xbrl_end":"2025-07-31","xbrl_frame":"CY2025Q2","xbrl_fiscal_year":2026,"xbrl_fiscal_period":"Q2"}'::jsonb, 'CY2025Q2', 10.236, 'RevenueFromContractWithCustomerExcludingAssessedTax', 'direct_sec_calendar_frame'),
('salesforce', 'q3_2025', 'SEC EDGAR XBRL', 'sec_filing', '10-Q', '0001108524-25-000238', '2025-12-04', '2025-10-31', 'crm-20251031.htm', 'https://www.sec.gov/Archives/edgar/data/1108524/000110852425000238/crm-20251031.htm', 'https://www.sec.gov/Archives/edgar/data/1108524/000110852425000238/', '{"ticker":"CRM","cik":"0001108524","fiscal_year_end":"0131","sic":"7372","sic_description":"Services-Prepackaged Software","sec_file_number":"001-32224","sec_film_number":"251547741","xbrl_start":"2025-08-01","xbrl_end":"2025-10-31","xbrl_frame":"CY2025Q3","xbrl_fiscal_year":2026,"xbrl_fiscal_period":"Q3"}'::jsonb, 'CY2025Q3', 10.259, 'RevenueFromContractWithCustomerExcludingAssessedTax', 'direct_sec_calendar_frame'),
('salesforce', 'q4_2025', 'SEC EDGAR XBRL', 'sec_filing', '10-K', '0001108524-26-000060', '2026-03-02', '2026-01-31', 'crm-20260131.htm', 'https://www.sec.gov/Archives/edgar/data/1108524/000110852426000060/crm-20260131.htm', 'https://www.sec.gov/Archives/edgar/data/1108524/000110852426000060/', '{"ticker":"CRM","cik":"0001108524","fiscal_year_end":"0131","sic":"7372","sic_description":"Services-Prepackaged Software","sec_file_number":"001-32224","sec_film_number":"26708076","xbrl_start":"2025-02-01","xbrl_end":"2026-01-31","xbrl_frame":"CY2025","xbrl_fiscal_year":2025,"xbrl_fiscal_period":"FY","computed_from":["0001108524-26-000060","0001108524-25-000238"]}'::jsonb, 'CY2025Q4', 11.201, 'RevenueFromContractWithCustomerExcludingAssessedTax', 'annual_cy_minus_prior_ytd_same_fiscal_year')
on conflict (accession_number) do update set
  company_id = excluded.company_id,
  reporting_period_id = excluded.reporting_period_id,
  source = excluded.source,
  source_type = excluded.source_type,
  form_type = excluded.form_type,
  filing_date = excluded.filing_date,
  period_end_date = excluded.period_end_date,
  primary_document = excluded.primary_document,
  primary_document_url = excluded.primary_document_url,
  filing_detail_url = excluded.filing_detail_url,
  metadata = excluded.metadata,
  calendar_frame = excluded.calendar_frame,
  total_revenue_billions = excluded.total_revenue_billions,
  revenue_fact_concept = excluded.revenue_fact_concept,
  revenue_derivation = excluded.revenue_derivation,
  updated_at = now();

insert into public.company_quarter_revenue (
  company_id,
  reporting_period_id,
  total_revenue_billions,
  source,
  financial_report_id
)
values
('apple', 'q1_2025', 95.359, 'SEC EDGAR XBRL', (select id from public.financial_reports where accession_number = '0000320193-26-000013' limit 1)),
('apple', 'q2_2025', 94.036, 'SEC EDGAR XBRL', (select id from public.financial_reports where accession_number = '0000320193-25-000073' limit 1)),
('apple', 'q3_2025', 102.466, 'SEC EDGAR XBRL', (select id from public.financial_reports where accession_number = '0000320193-25-000079' limit 1)),
('apple', 'q4_2025', 143.756, 'SEC EDGAR XBRL', (select id from public.financial_reports where accession_number = '0000320193-26-000006' limit 1)),
('microsoft', 'q1_2025', 70.066, 'SEC EDGAR XBRL', (select id from public.financial_reports where accession_number = '0001193125-26-191507' limit 1)),
('microsoft', 'q2_2025', 76.441, 'SEC EDGAR XBRL', (select id from public.financial_reports where accession_number = '0000950170-25-100235' limit 1)),
('microsoft', 'q3_2025', 77.673, 'SEC EDGAR XBRL', (select id from public.financial_reports where accession_number = '0001193125-25-256321' limit 1)),
('microsoft', 'q4_2025', 81.273, 'SEC EDGAR XBRL', (select id from public.financial_reports where accession_number = '0001193125-26-027207' limit 1)),
('alphabet', 'q1_2025', 90.234, 'SEC EDGAR XBRL', (select id from public.financial_reports where accession_number = '0001652044-26-000048' limit 1)),
('alphabet', 'q2_2025', 96.428, 'SEC EDGAR XBRL', (select id from public.financial_reports where accession_number = '0001652044-25-000062' limit 1)),
('alphabet', 'q3_2025', 102.346, 'SEC EDGAR XBRL', (select id from public.financial_reports where accession_number = '0001652044-25-000091' limit 1)),
('alphabet', 'q4_2025', 113.829, 'SEC EDGAR XBRL', (select id from public.financial_reports where accession_number = '0001652044-26-000018' limit 1)),
('amazon', 'q1_2025', 155.667, 'SEC EDGAR XBRL', (select id from public.financial_reports where accession_number = '0001018724-26-000014' limit 1)),
('amazon', 'q2_2025', 167.702, 'SEC EDGAR XBRL', (select id from public.financial_reports where accession_number = '0001018724-25-000086' limit 1)),
('amazon', 'q3_2025', 180.169, 'SEC EDGAR XBRL', (select id from public.financial_reports where accession_number = '0001018724-25-000123' limit 1)),
('amazon', 'q4_2025', 213.386, 'SEC EDGAR XBRL', (select id from public.financial_reports where accession_number = '0001018724-26-000004' limit 1)),
('meta', 'q1_2025', 42.314, 'SEC EDGAR XBRL', (select id from public.financial_reports where accession_number = '0001628280-26-028526' limit 1)),
('meta', 'q2_2025', 47.516, 'SEC EDGAR XBRL', (select id from public.financial_reports where accession_number = '0001628280-25-036791' limit 1)),
('meta', 'q3_2025', 51.242, 'SEC EDGAR XBRL', (select id from public.financial_reports where accession_number = '0001628280-25-047240' limit 1)),
('meta', 'q4_2025', 59.893, 'SEC EDGAR XBRL', (select id from public.financial_reports where accession_number = '0001628280-26-003942' limit 1)),
('nvidia', 'q1_2025', 44.062, 'SEC EDGAR XBRL', (select id from public.financial_reports where accession_number = '0001045810-25-000116' limit 1)),
('nvidia', 'q2_2025', 46.743, 'SEC EDGAR XBRL', (select id from public.financial_reports where accession_number = '0001045810-25-000209' limit 1)),
('nvidia', 'q3_2025', 57.006, 'SEC EDGAR XBRL', (select id from public.financial_reports where accession_number = '0001045810-25-000230' limit 1)),
('nvidia', 'q4_2025', 68.127, 'SEC EDGAR XBRL', (select id from public.financial_reports where accession_number = '0001045810-26-000021' limit 1)),
('tesla', 'q1_2025', 19.335, 'SEC EDGAR XBRL', (select id from public.financial_reports where accession_number = '0001628280-26-026673' limit 1)),
('tesla', 'q2_2025', 22.496, 'SEC EDGAR XBRL', (select id from public.financial_reports where accession_number = '0001628280-25-035806' limit 1)),
('tesla', 'q3_2025', 28.095, 'SEC EDGAR XBRL', (select id from public.financial_reports where accession_number = '0001628280-25-045968' limit 1)),
('tesla', 'q4_2025', 24.901, 'SEC EDGAR XBRL', (select id from public.financial_reports where accession_number = '0001628280-26-003952' limit 1)),
('netflix', 'q1_2025', 10.543, 'SEC EDGAR XBRL', (select id from public.financial_reports where accession_number = '0001065280-26-000138' limit 1)),
('netflix', 'q2_2025', 11.079, 'SEC EDGAR XBRL', (select id from public.financial_reports where accession_number = '0001065280-25-000323' limit 1)),
('netflix', 'q3_2025', 11.51, 'SEC EDGAR XBRL', (select id from public.financial_reports where accession_number = '0001065280-25-000406' limit 1)),
('netflix', 'q4_2025', 12.051, 'SEC EDGAR XBRL', (select id from public.financial_reports where accession_number = '0001065280-26-000034' limit 1)),
('adobe', 'q1_2025', 5.714, 'SEC EDGAR XBRL', (select id from public.financial_reports where accession_number = '0000796343-26-000056' limit 1)),
('adobe', 'q2_2025', 5.873, 'SEC EDGAR XBRL', (select id from public.financial_reports where accession_number = '0000796343-25-000073' limit 1)),
('adobe', 'q3_2025', 5.988, 'SEC EDGAR XBRL', (select id from public.financial_reports where accession_number = '0000796343-25-000107' limit 1)),
('adobe', 'q4_2025', 6.194, 'SEC EDGAR XBRL', (select id from public.financial_reports where accession_number = '0000796343-26-000003' limit 1)),
('salesforce', 'q1_2025', 9.829, 'SEC EDGAR XBRL', (select id from public.financial_reports where accession_number = '0001108524-25-000030' limit 1)),
('salesforce', 'q2_2025', 10.236, 'SEC EDGAR XBRL', (select id from public.financial_reports where accession_number = '0001108524-25-000088' limit 1)),
('salesforce', 'q3_2025', 10.259, 'SEC EDGAR XBRL', (select id from public.financial_reports where accession_number = '0001108524-25-000238' limit 1)),
('salesforce', 'q4_2025', 11.201, 'SEC EDGAR XBRL', (select id from public.financial_reports where accession_number = '0001108524-26-000060' limit 1))
on conflict (company_id, reporting_period_id) do update set
  total_revenue_billions = excluded.total_revenue_billions,
  source = excluded.source,
  financial_report_id = excluded.financial_report_id,
  updated_at = now();
